管理者種別番号,鉄道駅通し番号,鉄道駅内トイレ通し番号,鉄道会社名,路線名,鉄道駅名,都道府県,市区町村・番地,ビル建物名,トイレ名,設置フロア,経度,緯度,座標系,性別の分け,トイレへの誘導路として点字ブロックを敷設している,トイレの位置等を音声で案内している,戸の形式,車椅子が出入りできる（出入口の有効幅員80cm以上）,車椅子が転回できる（直径150cm以上の円が内接できる）,便座に背もたれがある,便座に手すりがある,オストメイト用設備がある,オストメイト用設備が温水対応している,大型ベッドを備えている,乳幼児用おむつ交換台等を備えている,乳幼児用椅子を備えている,非常用呼び出しボタンを設置している,月曜日,火曜日,水曜日,木曜日,金曜日,土曜日,日曜日,祝日,その他,写真データ（トイレの入り口）,写真データ（トイレ内）,写真データ（トイレ内（別角度））,備考,データの作成年月,データの変更年月,データの削除年月
10,8,1,東京地下鉄,8号線有楽町線,豊洲,東京都,江東区豊洲4丁目1番1号,,バリアフリートイレ,B1F,139.79568,35.655273,JGD2011,共用,○,○,A.自動引き戸（押しボタン）,○,○,○,○,○,×,×,○,×,○,始発_終車,始発_終車,始発_終車,始発_終車,始発_終車,始発_終車,始発_終車,始発_終車,,httpss://www.opendata.metro.tokyo.jp/fukushihoken/wc-photos/10_008_01_1.jpg,https://www.opendata.metro.tokyo.jp/fukushihoken/wc-photos/10_008_01_2.jpg,https://www.opendata.metro.tokyo.jp/fukushihoken/wc-photos/10_008_01_3.jpg,,201901,202401,
10,8,2,東京地下鉄,8号線有楽町線,豊洲,東京都,江東区豊洲4丁目1番1号,,バリアフリートイレ,B1F,139.79613,35.654903,JGD2011,共用,○,○,A.自動引き戸（押しボタン）,○,○,○,○,○,○,×,○,○,○,始発_終車,始発_終車,始発_終車,始発_終車,始発_終車,始発_終車,始発_終車,始発_終車,,https://www.opendata.metro.tokyo.jp/fukushihoken/wc-photos/10_008_02_1.jpg,https://www.opendata.metro.tokyo.jp/fukushihoken/wc-photos/10_008_02_2.jpg,https://www.opendata.metro.tokyo.jp/fukushihoken/wc-photos/10_008_02_3.jpg,,201901,202401,
10,25,1,東京地下鉄,5号線東西線,東陽町,東京都,江東区東陽4丁目2番1号,,バリアフリートイレ,B2F,139.8185,35.66961,JGD2011,共用,○,○,B.自動引き戸（センサー）,○,○,○,○,○,×,×,○,×,○,始発_終車,始発_終車,始発_終車,始発_終車,始発_終車,始発_終車,始発_終車,始発_終車,,https://www.opendata.metro.tokyo.jp/fukushihoken/wc-photos/10_025_01_1.jpg,https://www.opendata.metro.tokyo.jp/fukushihoken/wc-photos/10_025_01_2.jpg,https://www.opendata.metro.tokyo.jp/fukushihoken/wc-photos/10_025_01_3.jpg,,201901,202401,
10,25,2,東京地下鉄,5号線東西線,東陽町,東京都,江東区東陽4丁目2番1号,,バリアフリートイレ,B1F,139.8168,35.66945,JGD2011,共用,○,○,B.自動引き戸（センサー）,○,○,○,○,○,×,×,○,×,○,始発_終車,始発_終車,始発_終車,始発_終車,始発_終車,始発_終車,始発_終車,始発_終車,,https://www.opendata.metro.tokyo.jp/fukushihoken/wc-photos/10_025_02_1.jpg,https://www.opendata.metro.tokyo.jp/fukushihoken/wc-photos/10_025_02_2.jpg,https://www.opendata.metro.tokyo.jp/fukushihoken/wc-photos/10_025_02_3.jpg,,201901,202401,
10,30,1,東京地下鉄,5号線東西線,門前仲町,東京都,江東区門前仲町1丁目4番8号,,バリアフリートイレ,B1F,139.797,35.67147,JGD2011,共用,○,○,A.自動引き戸（押しボタン）,○,○,○,○,○,×,×,○,×,○,始発_終車,始発_終車,始発_終車,始発_終車,始発_終車,始発_終車,始発_終車,始発_終車,,https://www.opendata.metro.tokyo.jp/fukushihoken/wc-photos/10_030_01_1.jpg,https://www.opendata.metro.tokyo.jp/fukushihoken/wc-photos/10_030_01_2.jpg,https://www.opendata.metro.tokyo.jp/fukushihoken/wc-photos/10_030_01_3.jpg,,201901,202401,
10,30,2,東京地下鉄,5号線東西線,門前仲町,東京都,江東区門前仲町1丁目4番8号,,バリアフリートイレ,B1F,139.7944,35.67252,JGD2011,共用,○,○,C.手動引き戸,○,○,○,○,○,×,×,○,×,○,始発_終車,始発_終車,始発_終車,始発_終車,始発_終車,始発_終車,始発_終車,始発_終車,,https://www.opendata.metro.tokyo.jp/fukushihoken/wc-photos/10_030_02_1.jpg,https://www.opendata.metro.tokyo.jp/fukushihoken/wc-photos/10_030_02_2.jpg,https://www.opendata.metro.tokyo.jp/fukushihoken/wc-photos/10_030_02_3.jpg,,201901,202401,
10,34,1,東京地下鉄,8号線有楽町線,新木場,東京都,江東区新木場1丁目6番地先,,バリアフリートイレ,3F,139.82602,35.64588,JGD2011,共用,○,○,A.自動引き戸（押しボタン）,○,○,○,○,○,○,×,○,○,○,始発_終車,始発_終車,始発_終車,始発_終車,始発_終車,始発_終車,始発_終車,始発_終車,,https://www.opendata.metro.tokyo.jp/fukushihoken/wc-photos/10_034_01_1.jpg,https://www.opendata.metro.tokyo.jp/fukushihoken/wc-photos/10_034_01_2.jpg,https://www.opendata.metro.tokyo.jp/fukushihoken/wc-photos/10_034_01_3.jpg,,201901,202401,
10,62,1,東京地下鉄,5号線東西線,南砂町,東京都,江東区南砂3丁目11番85号,,バリアフリートイレ,B1F,139.8318,35.66831,JGD2011,共用,○,○,B.自動引き戸（センサー）,○,○,○,○,○,×,×,○,×,○,始発_終車,始発_終車,始発_終車,始発_終車,始発_終車,始発_終車,始発_終車,始発_終車,,https://www.opendata.metro.tokyo.jp/fukushihoken/wc-photos/10_062_01_1.jpg,https://www.opendata.metro.tokyo.jp/fukushihoken/wc-photos/10_062_01_2.jpg,https://www.opendata.metro.tokyo.jp/fukushihoken/wc-photos/10_062_01_3.jpg,,201901,202401,
10,69,1,東京地下鉄,11号線半蔵門線,住吉,東京都,江東区猿江2丁目9番10号,,バリアフリートイレ,B2F,139.8158,35.688487,JGD2011,共用,×,○,B.自動引き戸（センサー）,○,○,○,○,○,×,×,○,×,○,始発_終車,始発_終車,始発_終車,始発_終車,始発_終車,始発_終車,始発_終車,始発_終車,,https://www.opendata.metro.tokyo.jp/fukushihoken/wc-photos/10_069_01_1.jpg,https://www.opendata.metro.tokyo.jp/fukushihoken/wc-photos/10_069_01_2.jpg,https://www.opendata.metro.tokyo.jp/fukushihoken/wc-photos/10_069_01_3.jpg,,201901,202401,
10,70,1,東京地下鉄,11号線半蔵門線,清澄白河,東京都,江東区白河1丁目6番13号,,バリアフリートイレ,B1F,139.79951,35.682064,JGD2011,共用,○,○,B.自動引き戸（センサー）,○,○,○,○,○,×,×,○,×,○,始発_終車,始発_終車,始発_終車,始発_終車,始発_終車,始発_終車,始発_終車,始発_終車,,https://www.opendata.metro.tokyo.jp/fukushihoken/wc-photos/10_070_01_1.jpg,https://www.opendata.metro.tokyo.jp/fukushihoken/wc-photos/10_070_01_2.jpg,https://www.opendata.metro.tokyo.jp/fukushihoken/wc-photos/10_070_01_3.jpg,,201901,202401,
10,70,2,東京地下鉄,11号線半蔵門線,清澄白河,東京都,江東区白河1丁目6番13号,,バリアフリートイレ,B1F,139.80157,35.682164,JGD2011,共用,○,○,B.自動引き戸（センサー）,○,○,○,○,○,×,×,○,×,○,始発_終車,始発_終車,始発_終車,始発_終車,始発_終車,始発_終車,始発_終車,始発_終車,,https://www.opendata.metro.tokyo.jp/fukushihoken/wc-photos/10_070_02_1.jpg,https://www.opendata.metro.tokyo.jp/fukushihoken/wc-photos/10_070_02_2.jpg,https://www.opendata.metro.tokyo.jp/fukushihoken/wc-photos/10_070_02_3.jpg,,201901,202401,
10,103,1,東京地下鉄,8号線有楽町線,辰巳,東京都,江東区辰巳1丁目1番44号,,バリアフリートイレ,B2F,139.80996,35.646041,JGD2011,共用,○,○,A.自動引き戸（押しボタン）,○,○,○,○,○,○,×,○,○,○,始発_終車,始発_終車,始発_終車,始発_終車,始発_終車,始発_終車,始発_終車,始発_終車,,https://www.opendata.metro.tokyo.jp/fukushihoken/wc-photos/10_103_01_1.jpg,https://www.opendata.metro.tokyo.jp/fukushihoken/wc-photos/10_103_01_2.jpg,https://www.opendata.metro.tokyo.jp/fukushihoken/wc-photos/10_103_01_3.jpg,,201901,202401,
10,133,1,東京地下鉄,5号線東西線,木場駅,東京都,東京都江東区木場5丁目5番1号,,バリアフリートイレ（多機能トイレ）,B2F,139.808179,35.669275,JGD2011,共用,○,○,C.手動引き戸,○,○,○,○,○,×,×,×,○,○,始発_終車,始発_終車,始発_終車,始発_終車,始発_終車,始発_終車,始発_終車,始発_終車,,https://www.opendata.metro.tokyo.jp/fukushihoken/wc-photos/10_133_01_1.jpg,https://www.opendata.metro.tokyo.jp/fukushihoken/wc-photos/10_133_01_2.jpg,https://www.opendata.metro.tokyo.jp/fukushihoken/wc-photos/10_133_01_3.jpg,,202211,202211,
12,1,2,東京臨海高速鉄道,りんかい線,新木場,東京都,江東区新木場1丁目6番地,,多目的トイレ,3F,139.827232,35.646164,JGD2011,共用,○,○,A.自動引き戸（押しボタン）,○,○,○,○,○,○,○,×,×,○,始発_終車,始発_終車,始発_終車,始発_終車,始発_終車,始発_終車,始発_終車,始発_終車,,https://www.opendata.metro.tokyo.jp/fukushihoken/wc-photos/12_001_02_1.jpg,https://www.opendata.metro.tokyo.jp/fukushihoken/wc-photos/12_001_02_2.jpg,https://www.opendata.metro.tokyo.jp/fukushihoken/wc-photos/12_001_02_3.jpg,最終当駅止まりあり,202011,202011,
12,1,3,東京臨海高速鉄道,りんかい線,新木場,東京都,江東区新木場1丁目6番地,,多目的トイレ,3F,139.827232,35.646161,JGD2011,共用,○,○,A.自動引き戸（押しボタン）,○,○,○,○,○,○,○,×,×,○,始発_終車,始発_終車,始発_終車,始発_終車,始発_終車,始発_終車,始発_終車,始発_終車,,https://www.opendata.metro.tokyo.jp/fukushihoken/wc-photos/12_001_03_1.jpg,https://www.opendata.metro.tokyo.jp/fukushihoken/wc-photos/12_001_03_2.jpg,https://www.opendata.metro.tokyo.jp/fukushihoken/wc-photos/12_001_03_3.jpg,最終当駅止まりあり,202011,202011,
12,2,2,東京臨海高速鉄道,りんかい線,東雲,東京都,江東区東雲2丁目8番10号,,多目的トイレ,1F,139.803555,35.640725,JGD2011,共用,○,×,A.自動引き戸（押しボタン）,○,○,○,○,○,○,○,×,×,○,始発_終車,始発_終車,始発_終車,始発_終車,始発_終車,始発_終車,始発_終車,始発_終車,,https://www.opendata.metro.tokyo.jp/fukushihoken/wc-photos/12_002_02_1.jpg,https://www.opendata.metro.tokyo.jp/fukushihoken/wc-photos/12_002_02_2.jpg,https://www.opendata.metro.tokyo.jp/fukushihoken/wc-photos/12_002_02_3.jpg,最終当駅止まりあり,202011,202011,
12,2,3,東京臨海高速鉄道,りんかい線,東雲,東京都,江東区東雲2丁目8番10号,,多目的トイレ,1F,139.803555,35.640725,JGD2011,共用,○,×,A.自動引き戸（押しボタン）,○,○,○,○,○,○,○,×,×,○,始発_終車,始発_終車,始発_終車,始発_終車,始発_終車,始発_終車,始発_終車,始発_終車,,https://www.opendata.metro.tokyo.jp/fukushihoken/wc-photos/12_002_03_1.jpg,https://www.opendata.metro.tokyo.jp/fukushihoken/wc-photos/12_002_03_2.jpg,https://www.opendata.metro.tokyo.jp/fukushihoken/wc-photos/12_002_03_3.jpg,最終当駅止まりあり,202011,202011,
12,3,1,東京臨海高速鉄道,りんかい線,国際展示場,東京都,江東区有明3丁目7番3号,,だれでもトイレ,1F,139.791894,35.634746,JGD2011,女性用,○,○,A.自動引き戸（押しボタン）,○,○,○,○,○,○,○,×,×,○,始発_終車,始発_終車,始発_終車,始発_終車,始発_終車,始発_終車,始発_終車,始発_終車,,https://www.opendata.metro.tokyo.jp/fukushihoken/wc-photos/12_003_01_1.jpg,https://www.opendata.metro.tokyo.jp/fukushihoken/wc-photos/12_003_01_2.jpg,https://www.opendata.metro.tokyo.jp/fukushihoken/wc-photos/12_003_01_3.jpg,,201901,202011,
12,3,2,東京臨海高速鉄道,りんかい線,国際展示場,東京都,江東区有明3丁目7番3号,,だれでもトイレ,1F,139.791909,35.634723,JGD2011,男性用,○,○,A.自動引き戸（押しボタン）,○,○,○,○,○,○,○,×,×,○,始発_終車,始発_終車,始発_終車,始発_終車,始発_終車,始発_終車,始発_終車,始発_終車,,https://www.opendata.metro.tokyo.jp/fukushihoken/wc-photos/12_003_02_1.jpg,https://www.opendata.metro.tokyo.jp/fukushihoken/wc-photos/12_003_02_2.jpg,https://www.opendata.metro.tokyo.jp/fukushihoken/wc-photos/12_003_02_3.jpg,,201901,202011,
12,4,1,東京臨海高速鉄道,りんかい線,東京テレポート,東京都,江東区青海1丁目2番1号,,だれでもトイレ,B1F,139.779162,35.627762,JGD2011,男性用,○,○,A.自動引き戸（押しボタン）,○,○,○,○,○,○,○,×,×,○,始発_終車,始発_終車,始発_終車,始発_終車,始発_終車,始発_終車,始発_終車,始発_終車,,https://www.opendata.metro.tokyo.jp/fukushihoken/wc-photos/12_004_01_1.jpg,https://www.opendata.metro.tokyo.jp/fukushihoken/wc-photos/12_004_01_2.jpg,https://www.opendata.metro.tokyo.jp/fukushihoken/wc-photos/12_004_01_3.jpg,最終当駅止まりあり,201901,202011,
12,4,2,東京臨海高速鉄道,りんかい線,東京テレポート,東京都,江東区青海1丁目2番1号,,多機能トイレ,B1F,139.779158,35.627759,JGD2011,女性用,×,○,A.自動引き戸（押しボタン）,○,○,○,○,○,○,○,×,×,○,始発_終車,始発_終車,始発_終車,始発_終車,始発_終車,始発_終車,始発_終車,始発_終車,,https://www.opendata.metro.tokyo.jp/fukushihoken/wc-photos/12_004_02_1.jpg,https://www.opendata.metro.tokyo.jp/fukushihoken/wc-photos/12_004_02_2.jpg,https://www.opendata.metro.tokyo.jp/fukushihoken/wc-photos/12_004_02_3.jpg,最終当駅止まりあり,201901,202011,
13,15,1,東武鉄道,亀戸線,亀戸水神,東京都,江東区亀戸8丁目5番1号,,多機能トイレ,1F,139.833645,35.700229,JGD2011,共用,○（触知案内盤まで誘導している）,×,A.自動引き戸（押しボタン）,○,○,○,○,○,○,○,×,○,○,始発_終車,始発_終車,始発_終車,始発_終車,始発_終車,始発_終車,始発_終車,始発_終車,,https://www.opendata.metro.tokyo.jp/fukushihoken/wc-photos/13_015_01_1.jpg,https://www.opendata.metro.tokyo.jp/fukushihoken/wc-photos/13_015_01_2.jpg,https://www.opendata.metro.tokyo.jp/fukushihoken/wc-photos/13_015_01_3.jpg,,201901,,
13,16,1,東武鉄道,亀戸線,亀戸,東京都,江東区亀戸5丁目1番1号,,多機能トイレ,1F,139.826952,35.69773,JGD2011,共用,×,○,C.手動引き戸,○,○,×,○,○,×,×,×,×,○,始発_終車,始発_終車,始発_終車,始発_終車,始発_終車,始発_終車,始発_終車,始発_終車,,https://www.opendata.metro.tokyo.jp/fukushihoken/wc-photos/13_016_01_1.jpg,https://www.opendata.metro.tokyo.jp/fukushihoken/wc-photos/13_016_01_2.jpg,https://www.opendata.metro.tokyo.jp/fukushihoken/wc-photos/13_016_01_3.jpg,,201901,,
14,47,1,東日本旅客鉄道,京葉線,越中島,東京都,江東区越中島2丁目,,多機能化粧室,1F,139.792592,35.667919,JGD2011,共用,○,○,A.自動引き戸（押しボタン）,○,○,○,○,○,×,×,○,×,○,始発_終車,始発_終車,始発_終車,始発_終車,始発_終車,始発_終車,始発_終車,始発_終車,,https://www.opendata.metro.tokyo.jp/fukushihoken/wc-photos/14_047_01_1.jpg,https://www.opendata.metro.tokyo.jp/fukushihoken/wc-photos/14_047_01_2.jpg,https://www.opendata.metro.tokyo.jp/fukushihoken/wc-photos/14_047_01_3.jpg,,201901,,
14,109,1,東日本旅客鉄道,総武線,亀戸,東京都,江東区亀戸5丁目,,多機能トイレ,1F,139.825976,35.697267,JGD2011,共用,×,○,A.自動引き戸（押しボタン）,○,○,○,○,○,○,×,○,×,○,始発_終車,始発_終車,始発_終車,始発_終車,始発_終車,始発_終車,始発_終車,始発_終車,,https://www.opendata.metro.tokyo.jp/fukushihoken/wc-photos/14_109_01_1.jpg,https://www.opendata.metro.tokyo.jp/fukushihoken/wc-photos/14_109_01_2.jpg,https://www.opendata.metro.tokyo.jp/fukushihoken/wc-photos/14_109_01_3.jpg,,201901,202011,
14,113,1,東日本旅客鉄道,京葉線,潮見,東京都,江東区潮見2丁目,,多機能トイレ,1F,139.817263,35.658896,JGD2011,共用,×,○,A.自動引き戸（押しボタン）,○,○,○,○,○,×,×,○,×,○,始発_終車,始発_終車,始発_終車,始発_終車,始発_終車,始発_終車,始発_終車,始発_終車,,https://www.opendata.metro.tokyo.jp/fukushihoken/wc-photos/14_113_01_1.jpg,https://www.opendata.metro.tokyo.jp/fukushihoken/wc-photos/14_113_01_2.jpg,https://www.opendata.metro.tokyo.jp/fukushihoken/wc-photos/14_113_01_3.jpg,,201901,202011,
14,114,2,東日本旅客鉄道,京葉線,新木場,東京都,江東区新木場1丁目,,多機能トイレ,3F,139.826434,35.646038,JGD2011,共用,○,○,A.自動引き戸（押しボタン）,○,○,○,○,○,○,×,○,○,○,始発_終車,始発_終車,始発_終車,始発_終車,始発_終車,始発_終車,始発_終車,始発_終車,,https://www.opendata.metro.tokyo.jp/fukushihoken/wc-photos/14_114_02_1.jpg,https://www.opendata.metro.tokyo.jp/fukushihoken/wc-photos/14_114_02_2.jpg,https://www.opendata.metro.tokyo.jp/fukushihoken/wc-photos/14_114_02_3.jpg,,201911,202011,
17,8,1,ゆりかもめ,東京臨海新交通臨海線,東京国際クルーズターミナル,東京都,江東区青海1丁目1番49号先,,多機能トイレ,2F,139.773125,35.621395,JGD2011,共用,○,○,A.自動引き戸（押しボタン）,○,○,○,○,○,○,×,○,○,○,始発_終車,始発_終車,始発_終車,始発_終車,始発_終車,始発_終車,始発_終車,始発_終車,,https://www.opendata.metro.tokyo.jp/fukushihoken/wc-photos/17_008_01_1.jpg,https://www.opendata.metro.tokyo.jp/fukushihoken/wc-photos/17_008_01_2.jpg,https://www.opendata.metro.tokyo.jp/fukushihoken/wc-photos/17_008_01_3.jpg,2019年3月駅名称変更予定「東京国際クルーズターミナル」,201901,202211,
17,9,1,ゆりかもめ,東京臨海新交通臨海線,テレコムセンター,東京都,江東区青海2丁目5番8号先,,多機能トイレ,2F,139.779521,35.617571,JGD2011,共用,○,○,A.自動引き戸（押しボタン）,○,○,○,○,○,○,×,○,○,○,始発_終車,始発_終車,始発_終車,始発_終車,始発_終車,始発_終車,始発_終車,始発_終車,,https://www.opendata.metro.tokyo.jp/fukushihoken/wc-photos/17_009_01_1.jpg,https://www.opendata.metro.tokyo.jp/fukushihoken/wc-photos/17_009_01_2.jpg,https://www.opendata.metro.tokyo.jp/fukushihoken/wc-photos/17_009_01_3.jpg,,201901,202211,
17,10,1,ゆりかもめ,東京臨海新交通臨海線,青海,東京都,江東区青海1丁目3番14号先,,多機能トイレ,2F,139.78103,35.624569,JGD2011,共用,○,○,A.自動引き戸（押しボタン）,○,○,○,○,○,×,×,○,○,○,始発_終車,始発_終車,始発_終車,始発_終車,始発_終車,始発_終車,始発_終車,始発_終車,,https://www.opendata.metro.tokyo.jp/fukushihoken/wc-photos/17_010_01_1.jpg,https://www.opendata.metro.tokyo.jp/fukushihoken/wc-photos/17_010_01_2.jpg,https://www.opendata.metro.tokyo.jp/fukushihoken/wc-photos/17_010_01_3.jpg,,201901,202211,
17,11,2,ゆりかもめ,東京臨海新交通臨海線,東京ビッグサイト,東京都,江東区有明3丁目6番16号先,,多機能トイレ1 南側(管理番号71),2F,139.791509,35.630115,JGD2011,共用,○,○,A.自動引き戸（押しボタン）,○,○,○,○,○,○,○,○,○,○,始発_終車,始発_終車,始発_終車,始発_終車,始発_終車,始発_終車,始発_終車,始発_終車,,https://www.opendata.metro.tokyo.jp/fukushihoken/wc-photos/17_011_02_1.jpg,https://www.opendata.metro.tokyo.jp/fukushihoken/wc-photos/17_011_02_2.jpg,https://www.opendata.metro.tokyo.jp/fukushihoken/wc-photos/17_011_02_3.jpg,,202401,,
17,11,3,ゆりかもめ,東京臨海新交通臨海線,東京ビッグサイト,東京都,江東区有明3丁目6番17号先,,多機能トイレ2 中央工事中,2F,139.791434,35.630211,JGD2011,共用,,,,,,,,,,,,,,始発_終車,始発_終車,始発_終車,始発_終車,始発_終車,始発_終車,始発_終車,始発_終車,,,,,工事中,202401,,
17,11,4,ゆりかもめ,東京臨海新交通臨海線,東京ビッグサイト,東京都,江東区有明3丁目6番18号先,,男女共用トイレ1 北入口(管理番号92),2F,139.791327,35.630281,JGD2011,共用,○,○,C.手動引き戸,○,○,×,○,×,×,×,○,○,○,始発_終車,始発_終車,始発_終車,始発_終車,始発_終車,始発_終車,始発_終車,始発_終車,,https://www.opendata.metro.tokyo.jp/fukushihoken/wc-photos/17_011_04_1.jpg,https://www.opendata.metro.tokyo.jp/fukushihoken/wc-photos/17_011_04_2.jpg,https://www.opendata.metro.tokyo.jp/fukushihoken/wc-photos/17_011_04_3.jpg,,202401,,
17,11,5,ゆりかもめ,東京臨海新交通臨海線,東京ビッグサイト,東京都,江東区有明3丁目6番19号先,,男女共用トイレ2 北奥(管理番号91),2F,139.791209,35.630307,JGD2011,共用,○,○,C.手動引き戸,○,○,×,○,○,○,×,×,○,○,始発_終車,始発_終車,始発_終車,始発_終車,始発_終車,始発_終車,始発_終車,始発_終車,,https://www.opendata.metro.tokyo.jp/fukushihoken/wc-photos/17_011_05_1.jpg,https://www.opendata.metro.tokyo.jp/fukushihoken/wc-photos/17_011_05_2.jpg,https://www.opendata.metro.tokyo.jp/fukushihoken/wc-photos/17_011_05_3.jpg,,202401,,
17,11,6,ゆりかもめ,東京臨海新交通臨海線,東京ビッグサイト,東京都,江東区有明3丁目6番19号先,,男子トイレ(管理番号33),2F,139.791552,35.630499,JGD2011,共用,○,○,C.手動引き戸,○,×,×,○,○,○,×,○,○,○,始発_終車,始発_終車,始発_終車,始発_終車,始発_終車,始発_終車,始発_終車,始発_終車,,https://www.opendata.metro.tokyo.jp/fukushihoken/wc-photos/17_011_06_1.jpg,https://www.opendata.metro.tokyo.jp/fukushihoken/wc-photos/17_011_06_2.jpg,https://www.opendata.metro.tokyo.jp/fukushihoken/wc-photos/17_011_06_3.jpg,,202401,,
17,11,7,ゆりかもめ,東京臨海新交通臨海線,東京ビッグサイト,東京都,江東区有明3丁目6番19号先,,女子トイレ(管理番号34),2F,139.791391,35.630386,JGD2011,共用,,,,,,,,,,,,,,始発_終車,始発_終車,始発_終車,始発_終車,始発_終車,始発_終車,始発_終車,始発_終車,,,,,工事中,202401,,
17,12,1,ゆりかもめ,東京臨海新交通臨海線,有明,東京都,江東区有明3丁目7番5号先,,多機能トイレ,2F,139.793318,35.63471,JGD2011,共用,○,○,A.自動引き戸（押しボタン）,○,○,○,○,○,○,×,○,○,○,始発_終車,始発_終車,始発_終車,始発_終車,始発_終車,始発_終車,始発_終車,始発_終車,,https://www.opendata.metro.tokyo.jp/fukushihoken/wc-photos/17_012_01_1.jpg,https://www.opendata.metro.tokyo.jp/fukushihoken/wc-photos/17_012_01_2.jpg,https://www.opendata.metro.tokyo.jp/fukushihoken/wc-photos/17_012_01_3.jpg,,201901,202211,
17,12,2,ゆりかもめ,東京臨海新交通臨海線,有明,東京都,江東区有明3丁目7番5号先,,多機能トイレ,2F,139.793333,35.6345,JGD2011,女性用,○,○,C.手動引き戸,○,○個室前,×,○,○,○,×,△,○,○,始発_終車,始発_終車,始発_終車,始発_終車,始発_終車,始発_終車,始発_終車,始発_終車,,https://www.opendata.metro.tokyo.jp/fukushihoken/wc-photos/17_012_02_1.jpg,https://www.opendata.metro.tokyo.jp/fukushihoken/wc-photos/17_012_02_2.jpg,https://www.opendata.metro.tokyo.jp/fukushihoken/wc-photos/17_012_02_3.jpg,個室前の女性トイレ内では回転可・乳幼児用おむつ交換台は個室前の女性トイレ内に設置,201901,202211,
17,12,3,ゆりかもめ,東京臨海新交通臨海線,有明,東京都,江東区有明3丁目7番5号先,,多機能トイレ,2F,139.793385,35.634535,JGD2011,男性用,○,○,C.手動引き戸,○,○個室前,×,○,○,○,×,△,○,○,始発_終車,始発_終車,始発_終車,始発_終車,始発_終車,始発_終車,始発_終車,始発_終車,,https://www.opendata.metro.tokyo.jp/fukushihoken/wc-photos/17_012_03_1.jpg,https://www.opendata.metro.tokyo.jp/fukushihoken/wc-photos/17_012_03_2.jpg,https://www.opendata.metro.tokyo.jp/fukushihoken/wc-photos/17_012_03_3.jpg,個室前の男性トイレ内では回転可・乳幼児用おむつ交換台は個室前の男性トイレ内に設置,201901,202211,
17,13,1,ゆりかもめ,東京臨海新交通臨海線,有明テニスの森,東京都,江東区有明1丁目8番14号先,,多機能トイレ,2F,139.788824,35.64003,JGD2011,共用,○,○,A.自動引き戸（押しボタン）,○,○,○,○,○,○,×,○,○,○,始発_終車,始発_終車,始発_終車,始発_終車,始発_終車,始発_終車,始発_終車,始発_終車,,https://www.opendata.metro.tokyo.jp/fukushihoken/wc-photos/17_013_01_1.jpg,https://www.opendata.metro.tokyo.jp/fukushihoken/wc-photos/17_013_01_2.jpg,https://www.opendata.metro.tokyo.jp/fukushihoken/wc-photos/17_013_01_3.jpg,,201901,202211,
17,14,1,ゆりかもめ,東京臨海新交通臨海線,市場前,東京都,江東区豊洲6丁目3番12号先,,多機能トイレ,2F,139.785604,35.645721,JGD2011,共用,○,○,A.自動引き戸（押しボタン）,○,○,○,○,○,○,×,○,○,○,始発_終車,始発_終車,始発_終車,始発_終車,始発_終車,始発_終車,始発_終車,始発_終車,,https://www.opendata.metro.tokyo.jp/fukushihoken/wc-photos/17_014_01_1.jpg,https://www.opendata.metro.tokyo.jp/fukushihoken/wc-photos/17_014_01_2.jpg,https://www.opendata.metro.tokyo.jp/fukushihoken/wc-photos/17_014_01_3.jpg,,201901,202211,
17,15,1,ゆりかもめ,東京臨海新交通臨海線,新豊洲,東京都,江東区豊洲6丁目2番20号先,,多機能トイレ,2F,139.79013,35.64876,JGD2011,共用,○,○,A.自動引き戸（押しボタン）,○,○,○,○,○,○,×,○,○,○,始発_終車,始発_終車,始発_終車,始発_終車,始発_終車,始発_終車,始発_終車,始発_終車,,https://www.opendata.metro.tokyo.jp/fukushihoken/wc-photos/17_015_01_1.jpg,https://www.opendata.metro.tokyo.jp/fukushihoken/wc-photos/17_015_01_2.jpg,https://www.opendata.metro.tokyo.jp/fukushihoken/wc-photos/17_015_01_3.jpg,,201901,202211,
17,16,1,ゆりかもめ,東京臨海新交通臨海線,豊洲,東京都,江東区豊洲2丁目2番14号先,,多機能トイレ,2F,139.795371,35.653786,JGD2011,共用,○,○,A.自動引き戸（押しボタン）,○,○,○,○,○,○,○,×,○,○,始発_終車,始発_終車,始発_終車,始発_終車,始発_終車,始発_終車,始発_終車,始発_終車,,https://www.opendata.metro.tokyo.jp/fukushihoken/wc-photos/17_016_01_1.jpg,https://www.opendata.metro.tokyo.jp/fukushihoken/wc-photos/17_016_01_2.jpg,https://www.opendata.metro.tokyo.jp/fukushihoken/wc-photos/17_016_01_3.jpg,,201901,202211,
17,16,2,ゆりかもめ,東京臨海新交通臨海線,豊洲,東京都,江東区豊洲2丁目2番14号先,,多機能トイレ,2F,139.795324,35.653753,JGD2011,女性用,×,×,C.手動引き戸,○,○個室前,○,○,○,○,×,○,○,○,始発_終車,始発_終車,始発_終車,始発_終車,始発_終車,始発_終車,始発_終車,始発_終車,,https://www.opendata.metro.tokyo.jp/fukushihoken/wc-photos/17_016_02_1.jpg,https://www.opendata.metro.tokyo.jp/fukushihoken/wc-photos/17_016_02_2.jpg,https://www.opendata.metro.tokyo.jp/fukushihoken/wc-photos/17_016_02_3.jpg,新規/個室前の女性トイレ内では回転可・乳幼児用おむつ交換台は個室前の女性トイレ内に設置,201901,202211,
17,16,3,ゆりかもめ,東京臨海新交通臨海線,豊洲,東京都,江東区豊洲2丁目2番14号先,,多機能トイレ,2F,139.795413,35.653818,JGD2011,男性用,×,×,C.手動引き戸,○,○個室前,○,○,○,○,×,○,○,○,始発_終車,始発_終車,始発_終車,始発_終車,始発_終車,始発_終車,始発_終車,始発_終車,,https://www.opendata.metro.tokyo.jp/fukushihoken/wc-photos/17_016_03_1.jpg,https://www.opendata.metro.tokyo.jp/fukushihoken/wc-photos/17_016_03_2.jpg,https://www.opendata.metro.tokyo.jp/fukushihoken/wc-photos/17_016_03_3.jpg,新規/個室前の男性トイレ内では回転可・乳幼児用おむつ交換台は個室前の男性トイレ内に設置,201901,202211,

